PVZ.FLOW | Канон движения;;;;;;;;;;;;;;;;;;;;;;;;;;;;;;;;;;;;;;;;;;;;;;;;;;;
21.09.2026;;22.09.2026;;;;;;;;;;;;;;;;;;;;;;;;;;;;;;;;;;;;;;;;;;;;;;;;;
;;;;;;;;;;;;;;;;;;;;;;;;;;;;;;;;;;;;;;;;;;;;;;;;;;;
Дата;День;Оператор;АК-10;;;;;;;АК-15;;;;;;;Г 3500;;;;;;;Г 1800;;;;;;;Г 800;;;;;;;Ми-К;;;;;;;Ми-П;;;;;;
;;;Было;Приход;Возврат;Корр;Инв. корр.;Расход;Остаток;Было;Приход;Возврат;Корректировка;Инв. корр.;Расход;Остаток;Было;Приход;Возврат;Корректировка;Инв. корр.;Расход;Остаток;Было;Приход;Возврат;Корректировка;Инв. корр.;Расход;Остаток;Было;Приход;Возврат;Корректировка;Инв. корр.;Расход;Остаток;Было;Приход;Возврат;Корректировка;Инв. корр.;Расход;Остаток;Было;Приход;Возврат;Корректировка;Инв. корр.;Расход;Остаток
07.09.2026;ПН;Пузанов Д.В.;18;0;0;13;0;0;31;24;0;0;14;0;0;38;3;0;0;1;0;0;4;66;3;0;-22;0;3;44;39;2;0;-1;0;2;38;17;1;0;-12;0;1;5;0;0;0;0;0;0;0
08.09.2026;ВТ;Завалишин Д.Л.;31;0;0;0;0;1;30;38;0;0;0;0;1;37;4;0;0;0;0;0;4;44;0;0;0;0;11;33;38;0;0;0;0;3;35;5;0;0;0;0;0;5;0;0;0;0;0;0;0
09.09.2026;СР;Завалишин Д.Л.;30;0;0;0;0;0;30;37;0;0;0;0;1;36;4;0;0;0;0;0;4;33;0;0;0;0;8;25;35;0;0;0;0;5;30;5;0;0;0;0;1;4;0;0;0;0;0;0;0
10.09.2026;ЧТ;Завалишин Д.Л.;30;0;0;0;0;0;30;36;10;0;0;0;0;46;4;2;0;0;0;0;6;25;129;0;0;0;10;144;30;0;0;0;0;8;22;4;10;0;0;0;1;13;0;27;0;-2;0;1;24
11.09.2026;ПТ;Пузанов Д.В.;30;0;0;0;0;5;25;46;0;0;0;0;2;44;6;0;0;0;0;2;4;144;0;0;0;0;12;132;22;64;0;0;0;4;82;13;0;0;0;0;6;7;24;0;0;0;0;1;23
12.09.2026;СБ;Завалишин Д.Л.;25;0;0;0;0;1;24;44;0;0;0;0;2;42;4;0;0;0;0;1;3;132;0;0;0;0;5;127;82;0;0;0;0;8;74;7;0;0;0;0;4;3;23;0;0;0;0;1;22
13.09.2026;ВС;Завалишин Д.Л.;24;0;0;0;0;4;20;42;0;0;0;0;2;40;3;2;0;0;0;2;3;127;0;0;0;0;2;125;74;0;0;0;0;4;70;3;0;0;0;0;0;3;22;0;0;0;0;0;22
14.09.2026;ПН;Пузанов Д.В.;20;15;0;0;0;2;33;40;0;0;0;0;2;38;3;14;0;0;0;0;17;125;0;0;0;0;8;117;70;0;0;0;0;9;61;3;0;1;0;0;4;0;22;0;0;0;0;1;21
15.09.2026;ВТ;Завалишин Д.Л.;33;0;0;0;0;0;33;38;0;0;0;0;1;37;17;0;0;0;0;1;16;117;0;0;0;0;11;106;61;0;0;0;0;7;54;0;20;0;0;0;4;16;21;0;0;0;0;1;20
16.09.2026;СР;Завалишин Д.Л.;33;0;0;0;0;1;32;37;0;0;0;0;3;34;16;0;0;0;0;0;16;106;0;0;0;0;13;93;54;0;0;0;0;12;42;16;0;0;0;0;0;16;20;0;0;0;0;1;19
17.09.2026;ЧТ;Завалишин Д.Л.;32;0;0;0;0;1;31;34;0;0;0;0;3;31;16;0;0;0;0;0;16;93;0;0;0;0;13;80;42;0;0;0;0;3;39;16;0;0;0;0;1;15;19;0;0;0;0;2;17
18.09.2026;ПТ;Пузанов Д.В.;31;0;0;0;0;1;30;31;0;0;0;0;1;30;16;0;0;0;0;1;15;80;0;0;0;0;13;67;39;0;0;0;0;4;35;15;0;0;0;0;0;15;17;0;0;0;0;0;17
19.09.2026;СБ;Завалишин Д.Л.;30;0;0;0;0;0;30;30;0;0;0;0;0;30;15;0;0;0;0;0;15;67;0;0;0;0;15;52;35;0;0;0;0;7;28;15;0;0;0;0;0;15;17;0;0;0;0;0;17
20.09.2026;ВС;Завалишин Д.Л.;30;0;0;1;0;3;28;30;0;0;3;0;3;30;15;0;0;-3;0;2;10;52;0;0;9;0;13;48;28;0;0;-1;0;8;19;15;0;0;1;-1;4;11;17;0;0;0;0;1;16
21.09.2026;ПН;Пузанов Д.В.;28;0;0;0;0;1;27;30;0;0;0;0;2;28;10;0;0;0;0;;10;48;0;0;0;0;14;34;19;0;0;0;0;4;15;11;0;0;0;0;3;8;16;0;0;0;0;3;13
22.09.2026;ВТ;Завалишин Д.Л.;27;0;0;0;0;1;26;28;0;0;0;0;1;27;10;0;0;0;0;;10;34;0;0;0;0;10;24;15;0;0;0;0;4;11;8;0;0;0;0;2;6;13;0;0;0;0;2;11
23.09.2026;СР;Завалишин Д.Л.;26;0;0;0;0;3;23;27;;;;;4;23;10;;;;;;10;24;;;;;6;18;11;;;;;4;7;6;;;;;2;4;11;;;;;4;7
24.09.2026;ЧТ;Завалишин Д.Л.;23;0;0;0;0;5;18;23;;;;;3;20;10;;;;;1;9;18;;;;;12;6;7;;;;;7;0;4;;;;;4;0;7;;;;;5;2
25.09.2026;ПТ;Пузанов Д.В.;18;0;0;0;0;7;11;20;;;;;3;17;9;;;;;1;8;6;4;;;;10;0;0;2;;;;2;0;0;5;;;;5;0;2;;;;;2;0
26.09.2026;СБ;Завалишин Д.Л.;11;36;0;0;0;8;39;17;43;;;;;60;8;3;;;;1;10;0;38;;;;6;32;0;58;;;;1;57;0;30;;;;2;28;0;;;;;;0
27.09.2026;ВС;Завалишин Д.Л.;39;0;0;0;0;17;22;60;;;;;1;59;10;;;;;5;5;32;;;;;7;25;57;;;;;4;53;28;;;;;6;22;0;;;;;0;0
28.09.2026;ПН;Пузанов Д.В.;39;0;0;0;0;0;39;60;;;;;;60;10;;;;;;10;32;;;;;;32;57;;;;;;57;28;;;;;;28;0;;;;;;0
29.09.2026;ВТ;Завалишин Д.Л.;39;0;0;0;0;0;39;60;;;;;;60;10;;;;;;10;32;;;;;;32;57;;;;;;57;28;;;;;;28;0;;;;;;0
30.09.2026;СР;Завалишин Д.Л.;39;0;0;0;0;0;39;60;;;;;;60;10;;;;;;10;32;;;;;;32;57;;;;;;57;28;;;;;;28;0;;;;;;0
01.10.2026;ЧТ;Завалишин Д.Л.;39;0;0;0;0;0;39;60;;;;;;60;10;;;;;;10;32;;;;;;32;57;;;;;;57;28;;;;;;28;0;;;;;;0
02.10.2026;ПТ;Пузанов Д.В.;39;0;0;0;0;0;39;60;;;;;;60;10;;;;;;10;32;;;;;;32;57;;;;;;57;28;;;;;;28;0;;;;;;0
03.10.2026;СБ;Завалишин Д.Л.;39;0;0;0;0;0;39;60;;;;;;60;10;;;;;;10;32;;;;;;32;57;;;;;;57;28;;;;;;28;0;;;;;;0
04.10.2026;ВС;Завалишин Д.Л.;39;0;0;0;0;0;39;60;;;;;;60;10;;;;;;10;32;;;;;;32;57;;;;;;57;28;;;;;;28;0;;;;;;0
05.10.2026;ПН;;39;0;0;0;0;0;39;60;;;;;;60;10;;;;;;10;32;;;;;;32;57;;;;;;57;28;;;;;;28;0;;;;;;0
06.10.2026;ВТ;;39;0;0;0;0;0;39;60;;;;;;60;10;;;;;;10;32;;;;;;32;57;;;;;;57;28;;;;;;28;0;;;;;;0
07.10.2026;СР;;39;0;0;0;0;0;39;60;;;;;;60;10;;;;;;10;32;;;;;;32;57;;;;;;57;28;;;;;;28;0;;;;;;0
;;;;;;;;;;;;;;;;;;;;;;;;;;;;;;;;;;;;;;;;;;;;;;;;;;;
;;;;;;;;;;;;;;;;;;;;;;;;;;;;;;;;;;;;;;;;;;;;;;;;;;;
;;;;;;;;;;;;;;;;;;;;;;;;;;;;;;;;;;;;;;;;;;;;;;;;;;;
;;;;;;;;;;;;;;;;;;;;;;;;;;;;;;;;;;;;;;;;;;;;;;;;;;;
